{
   "Scale" : 1,
   "boundingBoxDimension" : [ 1674, 1045 ],
   "boundingBoxPosition" : [ 121, 29 ],
   "yshift" : -89.29000091552734,
   "zoom" : 0.8100000023841858
}

